,delta,delta_pred
0,0.3280808080808081,0.40405387
1,0.4896969696969698,0.4018192
2,0.3462626262626263,0.41079032
3,0.3240404040404041,0.40405387
4,0.416969696969697,0.40405387
5,0.4917171717171717,0.4171875
6,0.4068686868686869,0.39145672
7,0.3402020202020202,0.42161223
8,0.5018181818181818,0.42870367
9,0.4957575757575757,0.41079032
10,0.4109090909090909,0.4071961
11,0.4331313131313131,0.4128096
12,0.4533333333333334,0.39145672
13,0.3886868686868687,0.40405387
14,0.3321212121212121,0.40843177
